Workbook

Sheet samples
A1: sample | B1: Total Chrlorine Averaged | C1: Free Chlorine Averaged | D1: pH Averaged | E1: Tempreture Averaged
A2: K1 | B2: 2.1944444 | C2: 0.57333333 | D2: 8.4772222 | E2: 24.586859
A3: K2 | B3: 2.0155556 | C3: 0.35222222 | D3: 7.9116667 | E3: 17.024089
A4: K3 | B4: 1.855 | C4: 0.64277778 | D4: 8.6127778 | E4: 21.311247
A5: K4 | B5: 1.01 | C5: 0.4 | D5: 7.388 | E5: 25.717441
A6: K5 | B6: 0.2 | C6: 0.12 | D6: 7.878 | E6: 25.549276

Sheet metagenomic-analysis
A1: script | B1: programs(s) | C1: purpose | D1: category
A2: 01_fastp | B2: fastp | C2: Quality trimming and filtering of raw reads | D2: Sequence processing
A3: 02_download_univec | B3: wget | C3: Download UniVec database | D3: Sequence processing
A4: 03_index_univec | B4: bwa | C4: Index UniVec for contamination filtering | D4: Sequence processing
A5: 04_univec_bwa_samtools & 05_sort_univec_bam | B5: bwa, samtools, bedtools | C5: Remove vector contamination | D5: Sequence processing
A6: 06_bamtofastq | B6: bedtools | C6: Convert BAM back to FASTQ | D6: Sequence processing
A7: 07_seqkit_stats | B7: seqkit | C7: Generate FASTQ stats | D7: Sequence processing
A8: 08_metaspades_per_sample | B8: metaSPAdes | C8: Assemble contigs per sample | D8: Assembly
A9: 09_filter_contigs_1000 | B9: seqkit | C9: Remove contigs <1000 bp | D9: Assembly
A10: 10_quast_contigs_1000 | B10: QUAST | C10: Assembly quality metrics per sample | D10: Assembly
A11: 11_concat_and_dedupe_contigs_1000 | B11: BBTools | C11: Merge and deduplicate contigs generated following individual assembly | D11: Assembly
A12: 12_quast_all_filtered_1000 | B12: QUAST | C12: QC on combined individual assemblies | D12: Assembly
... A22: 22_gtdbtk | B22: GTDB_tk | C22: Classification of bins | D22: Classification

Sheet sequence-reads
A1: sample | B1: total-raw-reads | C1: preprocessed-reads | D1: processed-reads | E1: processed-reads-min-length | F1: processed-reads-max-length | G1: processed-reads-avg-length | H1: total-raw-reads-filtered-count | I1: total-raw-reads-filtered-pct
A2: =samples!A2 -> K1 | B2: 376894978 | C2: 370649632 | D2: 370649130 | E2: 20 | F2: 150.9 | G2: 151 | H2: =B2-D2 -> 6245848 | I2: =H2/B2 -> 0.016571853
A3: =samples!A3 -> K2 | B3: 230299396 | C3: 226987652 | D3: 226987326 | E3: 20 | F3: 150.8 | G3: 151 | H3: =B3-D3 -> 3312070 | I3: =H3/B3 -> 0.014381584
A4: =samples!A4 -> K3 | B4: 249307148 | C4: 245130802 | D4: 245130488 | E4: 20 | F4: 150.8 | G4: 151 | H4: =B4-D4 -> 4176660 | I4: =H4/B4 -> 0.01675307
A5: =samples!A5 -> K4 | B5: 209875082 | C5: 207225384 | D5: 207209984 | E5: 20 | F5: 150.7 | G5: 151 | H5: =B5-D5 -> 2665098 | I5: =H5/B5 -> 0.012698497
A6: =samples!A6 -> K5 | B6: 217669664 | C6: 214526836 | D6: 214507140 | E6: 20 | F6: 150.8 | G6: 151 | H6: =B6-D6 -> 3162524 | I6: =H6/B6 -> 0.014529007
A7: Total | B7: =SUM(B2:B6) -> 1284046268 | C7: =SUM(C2:C6) -> 1264520306 | D7: =SUM(D2:D6) -> 1264484068 | H7: =SUM(H2:H6) -> 19562200 | I7: =H7/B7 -> 0.015234809
A8: Average | B8: =AVERAGE(B2:B6) -> 2.5680925e+08 | C8: =AVERAGE(C2:C6) -> 2.5290406e+08 | D8: =AVERAGE(D2:D6) -> 2.5289681e+08 | E8: =AVERAGE(E2:E6) -> 20 | F8: =AVERAGE(F2:F6) -> 150.8 | G8: =AVERAGE(G2:G6) -> 151 | H8: =AVERAGE(H2:H6) -> 3912440 | I8: =AVERAGE(I2:I6) -> 0.014986802
A9: Standard deviation | B9: =STDEV(B2:B6) -> 68764743 | C9: =STDEV(C2:C6) -> 67371092 | D9: =STDEV(D2:D6) -> 67376329 | E9: =STDEV(E2:E6) -> 0 | F9: =STDEV(F2:F6) -> 0.070710678 | G9: =STDEV(G2:G6) -> 0 | H9: =STDEV(H2:H6) -> 1413619.9 | I9: =STDEV(I2:I6) -> 0.0016914708
A10: Minimum | B10: =MIN(B2:B6) -> 209875082 | C10: =MIN(C2:C6) -> 207225384 | D10: =MIN(D2:D6) -> 207209984 | E10: =MIN(E2:E6) -> 20 | F10: =MIN(F2:F6) -> 150.7 | G10: =MIN(G2:G6) -> 151 | H10: =MIN(H2:H6) -> 2665098 | I10: =MIN(I2:I6) -> 0.012698497
A11: Maximum | B11: =MAX(B2:B6) -> 376894978 | C11: =MAX(C2:C6) -> 370649632 | D11: =MAX(D2:D6) -> 370649130 | E11: =MAX(E2:E6) -> 20 | F11: =MAX(F2:F6) -> 150.9 | G11: =MAX(G2:G6) -> 151 | H11: =MAX(H2:H6) -> 6245848 | I11: =MAX(I2:I6) -> 0.01675307
A14: total-raw-reads | B14: Raw FASTQ files
A15: preprocessed-reads | B15: FASTQ files after quality filtering & trimming (program: fastp)
A16: processed-reads | B16: FASTQ files after quality filtering, trimming, and contaminant (vector) removal (programs: fastp & univec)

Sheet individual-assembly
A1: QUAST statistics individual samples
A2: sample | B2: number-contigs | C2: smallest-contig-bp | D2: largest-contig-bp | E2: total-length-bp | F2: n-50 | G2: n-90 | H2: l-50 | I2: n-90 | J2: gc | K2: total-number-processed-reads-mapped | L2: mapping-rate
A3: =samples!A2 -> K1 | B3: 652387 | C3: 1000 | D3: 2208642 | E3: 1988659880 | F3: 4374 | G3: 1223 | H3: 74508 | I3: 471736 | J3: 50.29 | K3: 310923475 | L3: =K3/'sequence-reads'!D2 -> 0.83886201
A4: =samples!A3 -> K2 | B4: 440392 | C4: 1000 | D4: 734585 | E4: 1096599471 | F4: 2820 | G4: 1165 | H4: 76928 | I4: 338536 | J4: 49.1 | K4: 182114862 | L4: =K4/'sequence-reads'!D3 -> 0.80231291
A5: =samples!A4 -> K3 | B5: 444557 | C5: 1000 | D5: 893039 | E5: 1210175154 | F5: 3368 | G5: 1192 | H5: 66666 | I5: 333327 | J5: 47.15 | K5: 198474251 | L5: =K5/'sequence-reads'!D4 -> 0.80966775
A6: =samples!A5 -> K4 | B6: 454828 | C6: 1000 | D6: 702379 | E6: 1192986577 | F6: 3113 | G6: 1169 | H6: 67720 | I6: 344128 | J6: 49.77 | K6: 160768724 | L6: =K6/'sequence-reads'!D5 -> 0.77587344
A7: =samples!A6 -> K5 | B7: 345130 | C7: 1000 | D7: 834630 | E7: 955866272 | F7: 3497 | G7: 1190 | H7: 48409 | I7: 257204 | J7: 50.51 | K7: 177580783 | L7: =K7/'sequence-reads'!D6 -> 0.82785488
A8: Total | K8: Refer to the statistics below
A9: Average | B9: =AVERAGE(B3:B7) -> 467458.8 | C9: =AVERAGE(C3:C7) -> 1000 | D9: =AVERAGE(D3:D7) -> 1074655 | E9: =AVERAGE(E3:E7) -> 1.2888575e+09 | F9: =AVERAGE(F3:F7) -> 3434.4 | G9: =AVERAGE(G3:G7) -> 1187.8 | H9: =AVERAGE(H3:H7) -> 66846.2 | I9: =AVERAGE(I3:I7) -> 348986.2 | J9: =AVERAGE(J3:J7) -> 49.364
A10: Standard deviation | B10: =STDEV(B3:B7) -> 112449.34 | C10: =STDEV(C3:C7) -> 0 | D10: =STDEV(D3:D7) -> 638506.05 | E10: =STDEV(E3:E7) -> 4.0402717e+08 | F10: =STDEV(F3:F7) -> 585.65374 | G10: =STDEV(G3:G7) -> 23.101948 | H10: =STDEV(H3:H7) -> 11192.321 | I10: =STDEV(I3:I7) -> 77248.794 | J10: =STDEV(J3:J7) -> 1.3515843
A11: Minimum | B11: =MIN(B3:B7) -> 345130 | C11: =MIN(C3:C7) -> 1000 | D11: =MIN(D3:D7) -> 702379 | E11: =MIN(E3:E7) -> 955866272 | F11: =MIN(F3:F7) -> 2820 | G11: =MIN(G3:G7) -> 1165 | H11: =MIN(H3:H7) -> 48409 | I11: =MIN(I3:I7) -> 257204 | J11: =MIN(J3:J7) -> 47.15
A12: Maximum | B12: =MAX(B3:B7) -> 652387 | C12: =MAX(C3:C7) -> 1000 | D12: =MAX(D3:D7) -> 2208642 | E12: =MAX(E3:E7) -> 1988659880 | F12: =MAX(F3:F7) -> 4374 | G12: =MAX(G3:G7) -> 1223 | H12: =MAX(H3:H7) -> 76928 | I12: =MAX(I3:I7) -> 471736 | J12: =MAX(J3:J7) -> 50.51
A14: QUAST statistics combined samples [note: unique contigs are retained; hence duplicate and contained contigs across samples are removed]
A15: sample | B15: number-contigs | C15: smallest-contig-bp | D15: largest-contig-bp | E15: total-length-bp | F15: n-50 | G15: n-90 | H15: l-50 | I15: n-90 | J15: gc | K15: total-number-processed-reads-mapped | L15: mapping-rate
A16: K1 - K5 | B16: 2218088 | C16: 1000 | D16: 2208642 | E16: 6172939678 | F16: 3529 | G16: 1194 | H16: 308241 | I16: 1651130 | J16: 49.43 | K16: =SUM(K3:K7) -> 1029862095 | L16: =K16/'sequence-reads'!D7 -> 0.81445241
A18: QUAST | B18: QUAST analysis is done exclusively on contigs >= 1000bp
